frag_id,charge,H2O,NH3,CO,CO2,2H2O,2NH3,variant_type,variant_suffix,variant_pass_count,%H,%2H,css,rawcos,theory_mz,theory_int,obs_mz,ppm,obs_int,within,obs_idx
c4,1,0,0,0,0,0,0,nonmodified,,1,0.0,0.0,0.9985563294599802,0.9988496873570635,471.3424389122442,379.7,471.3424389122442,0.0,379.7,True,1380
c4,1,0,0,0,0,0,0,nonmodified,,1,0.0,0.0,0.9985563294599802,0.9988496873570635,472.3457389122442,101.94944999999996,472.3457421879851,0.0069350490762761586,82.66,True,1414
c4,1,0,0,0,0,0,0,nonmodified,,1,0.0,0.0,0.9985563294599802,0.9988496873570635,473.34903891224417,16.220811528250103,473.3437454464216,-11.183007437199263,16.91,True,1437
c2,1,0,0,0,0,0,0,nonmodified,,1,0.0,0.0,0.9953799441018043,0.9953965201765684,287.218437755513,258.9,287.218437755513,0.0,258.9,True,441
c2,1,0,0,0,0,0,0,nonmodified,,1,0.0,0.0,0.9953799441018043,0.9953965201765684,288.221737755513,41.139209999999984,288.2257410443138,13.88961440578235,43.66,True,460
c2,1,0,0,0,0,0,0,nonmodified,,1,0.0,0.0,0.9953799441018043,0.9953965201765684,289.225037755513,4.105398659250042,289.0603437692548,-569.4319811875218,1.886,False,466
c6,1,0,0,0,0,0,0,nonmodified,,1,0.0,0.0,0.991787554406824,0.9963930794662174,700.4876870613582,159.5,700.4876870613582,0.0,159.5,True,3198
c6,1,0,0,0,0,0,0,nonmodified,,1,0.0,0.0,0.991787554406824,0.9963930794662174,701.4909870613583,62.787175,701.4814903060819,-13.537957652374677,47.69,True,3213
c6,1,0,0,0,0,0,0,nonmodified,,1,0.0,0.0,0.991787554406824,0.9963930794662174,702.4942870613582,14.279735140000065,702.4915936040245,-3.8341341465076253,15.14,True,3227
c6,1,0,0,0,0,0,0,nonmodified,,1,0.0,0.0,0.991787554406824,0.9963930794662174,703.4975870613582,2.379374277066932,703.5063969173125,12.522936988411102,2.4,True,3250
b2,1,0,0,0,0,0,0,nonmodified,,1,0.0,0.0,0.9717637174928931,0.9881254071097618,270.1925821668466,14.17,270.1925821668466,0.0,14.17,True,379
b2,1,0,0,0,0,0,0,nonmodified,,1,0.0,0.0,0.9717637174928931,0.9881254071097618,271.19588216684656,2.1928075,271.18408540406085,-43.499048331601486,1.2,False,389
b2,1,0,0,0,0,0,0,nonmodified,,1,0.0,0.0,0.9717637174928931,0.9881254071097618,272.1991821668466,0.2155701583750023,273.0925916352494,3282.1901274309707,0.08571,False,390
z-dot21,2,0,0,0,0,0,0,nonmodified,,1,0.0,0.0,0.9143589335358925,0.9305016590322353,1138.210567845095,14.43518624205762,1138.207616197593,-2.5932350176182797,15.49,True,20605
z-dot21,2,0,0,0,0,0,0,nonmodified,,1,0.0,0.0,0.9143589335358925,0.9305016590322353,1138.712217845095,18.97,1138.712217845095,0.0,18.97,True,20618
z-dot21,2,0,0,0,0,0,0,nonmodified,,1,0.0,0.0,0.9143589335358925,0.9305016590322353,1139.2138678450951,13.090876683217303,1139.2218195089222,6.979957013764693,15.0,True,20648
z-dot21,2,0,0,0,0,0,0,nonmodified,,1,0.0,0.0,0.9143589335358925,0.9305016590322353,1139.715517845095,6.283438239305244,1139.7019210764324,-11.929967127538287,6.829,True,20668
z-dot21,2,0,0,0,0,0,0,nonmodified,,1,0.0,0.0,0.9143589335358925,0.9305016590322353,1140.217167845095,2.347935089467123,1140.226722789887,8.379934157632283,2.686,True,20686
z-dot21,2,0,0,0,0,0,0,nonmodified,,1,0.0,0.0,0.9143589335358925,0.9305016590322353,1140.7188178450951,0.7255843227556502,1140.7318244390215,11.40210341308375,0.8571,True,20699
z-dot21,2,0,0,0,0,0,0,nonmodified,,1,0.0,0.0,0.9143589335358925,0.9305016590322353,1141.220467845095,0.19251884707515918,1141.1875259268668,-28.865516485602043,0.6,True,20708
c11,2,0,0,0,0,0,0,nonmodified,,1,100.0,0.0,0.9061091458983381,0.46443569833419474,600.3984602744536,6.029,600.3984602744536,0.0,6.029,True,2375
c11,2,0,0,0,0,0,0,nonmodified,,1,100.0,0.0,0.9061091458983381,0.46443569833419474,600.9001102744536,4.084948949999999,600.9160619644002,26.54632554376934,4.486,True,2380
c11,2,0,0,0,0,0,0,nonmodified,,1,100.0,0.0,0.9061091458983381,0.46443569833419474,601.4017602744535,1.5202210166875048,601.3582634081685,-72.32580474193792,3.686,False,2385
c11,2,0,0,0,0,0,0,nonmodified,,1,100.0,0.0,0.9061091458983381,0.46443569833419474,601.9034102744536,0.4050112691070236,601.3582634081685,-905.704897130479,3.686,False,2385
c11,2,0,0,0,0,0,0,nonmodified,,1,100.0,0.0,0.9061091458983381,0.46443569833419474,602.4050602744536,0.0856778100011461,601.3582634081685,-1737.6960044263774,3.686,False,2385
b18,1,0,0,0,0,0,0,nonmodified,,1,0.0,0.0,0.8804303830624147,0.880430383062415,1994.2021142575509,4.439236111111115,1994.2362110931454,17.09798387571,4.8,True,36605
b18,1,0,0,0,0,0,0,nonmodified,,1,0.0,0.0,0.8804303830624147,0.880430383062415,1995.2054142575507,5.114,1995.2054142575507,0.0,5.114,True,36618
b18,1,0,0,0,0,0,0,nonmodified,,1,0.0,0.0,0.8804303830624147,0.880430383062415,1996.2087142575508,3.115207172378478,1996.1880174657067,-10.368050042202167,3.229,True,36634
b18,1,0,0,0,0,0,0,nonmodified,,1,0.0,0.0,0.8804303830624147,0.880430383062415,1997.212014257551,1.3265556990202738,1997.2692209957886,28.64329767161757,1.314,True,36652
b18,1,0,0,0,0,0,0,nonmodified,,1,0.0,0.0,0.8804303830624147,0.880430383062415,1998.2153142575507,0.44143161709018913,1998.2588242267996,21.774414868291085,0.6,True,36657
b18,1,0,0,0,0,0,0,nonmodified,,1,0.0,0.0,0.8804303830624147,0.880430383062415,1999.2186142575508,0.12183518977965836,1999.235527415692,8.4598842871216,0.2571,True,36661
c20,1,0,0,0,0,0,0,nonmodified,,1,53.73404848285281,46.26595151714719,0.8682931876231526,0.5525602475645909,2182.397828708246,1.7083183865439047,2182.3599253087627,-17.367777306495594,1.314,True,38112
c20,1,0,0,0,0,0,0,nonmodified,,1,53.73404848285281,46.26595151714719,0.8682931876231526,0.5525602475645909,2183.401128708246,2.143,2183.401128708246,0.0,2.143,True,38119
c20,1,0,0,0,0,0,0,nonmodified,,1,53.73404848285281,46.26595151714719,0.8682931876231526,0.5525602475645909,2183.4051047082457,1.4708918810186626,2183.3943286860444,-4.9354204485742486,2.0,True,38118
c20,1,0,0,0,0,0,0,nonmodified,,1,53.73404848285281,46.26595151714719,0.8682931876231526,0.5525602475645909,2184.404428708246,1.4153579866515218,2184.319431706465,-38.91083567864714,2.2,False,38134
c20,1,0,0,0,0,0,0,nonmodified,,1,53.73404848285281,46.26595151714719,0.8682931876231526,0.5525602475645909,2184.408404708246,1.8451603201438602,2184.319431706465,-40.7309373052083,2.2,False,38134
c20,1,0,0,0,0,0,0,nonmodified,,1,53.73404848285281,46.26595151714719,0.8682931876231526,0.5525602475645909,2185.407728708246,0.651433477391344,2185.8889368308296,220.19146187796252,0.08571,False,38135
c20,1,0,0,0,0,0,0,nonmodified,,1,53.73404848285281,46.26595151714719,0.8682931876231526,0.5525602475645909,2185.411704708246,1.218647874833454,2185.8889368308296,218.3717244469555,0.08571,False,38135
c20,1,0,0,0,0,0,0,nonmodified,,1,53.73404848285281,46.26595151714719,0.8682931876231526,0.5525602475645909,2186.411028708246,0.23375808520120012,2186.361838374832,-22.498209516773457,1.371,True,38139
c20,1,0,0,0,0,0,0,nonmodified,,1,53.73404848285281,46.26595151714719,0.8682931876231526,0.5525602475645909,2186.4150047082458,0.5608955686868131,2186.361838374832,-24.31667057678412,1.371,True,38139
c20,1,0,0,0,0,0,0,nonmodified,,1,53.73404848285281,46.26595151714719,0.8682931876231526,0.5525602475645909,2187.414328708246,0.0694494328671225,2186.9448402783078,-214.63168809705513,1.114,False,38145
c20,1,0,0,0,0,0,0,nonmodified,,1,53.73404848285281,46.26595151714719,0.8682931876231526,0.5525602475645909,2187.418304708246,0.2012697822333468,2186.9448402783078,-216.44896585129993,1.114,False,38145
c20,1,0,0,0,0,0,0,nonmodified,,1,53.73404848285281,46.26595151714719,0.8682931876231526,0.5525602475645909,2188.421604708246,0.0597971711539474,2188.090144017674,-151.46107580861667,1.457,False,38149
b20-2NH3,1,0,0,0,0,0,1,nonmodified,,1,0.0,0.0,0.844376818047529,0.7834047131690255,2130.2971586018593,4.301932367149761,2130.2921553097935,-2.3486357504592497,1.314,True,37735
b20-2NH3,1,0,0,0,0,0,1,nonmodified,,1,0.0,0.0,0.844376818047529,0.7834047131690255,2131.3004586018596,5.343,2131.3004586018596,0.0,5.343,True,37747
b20-2NH3,1,0,0,0,0,0,1,nonmodified,,1,0.0,0.0,0.844376818047529,0.7834047131690255,2132.3037586018595,3.4974267906280225,2131.3069586230818,-467.47559992641055,3.771,False,37748
b20-2NH3,1,0,0,0,0,0,1,nonmodified,,1,0.0,0.0,0.844376818047529,0.7834047131690255,2133.3070586018594,1.5966096554143212,2133.758466627147,211.60011797989299,1.286,False,37749
b20-2NH3,1,0,0,0,0,0,1,nonmodified,,1,0.0,0.0,0.844376818047529,0.7834047131690255,2134.3103586018597,0.5685784803117437,2134.2935683742303,-7.8668163520372785,0.6,True,37755
b20-2NH3,1,0,0,0,0,0,1,nonmodified,,1,0.0,0.0,0.844376818047529,0.7834047131690255,2135.3136586018595,0.1677193941583573,2136.1705745025724,401.3068043942563,0.5143,False,37759
y17,1,0,0,0,0,0,0,nonmodified,,1,0.0,0.0,0.8327321579160755,0.8327321579160755,1865.1170928006572,4.732138679642541,1865.119689533405,1.3922625865606362,4.486,True,35351
y17,1,0,0,0,0,0,0,nonmodified,,1,0.0,0.0,0.8327321579160755,0.8327321579160755,1866.120392800657,5.057,1866.120392800657,0.0,5.057,True,35365
y17,1,0,0,0,0,0,0,nonmodified,,1,0.0,0.0,0.8327321579160755,0.8327321579160755,1867.1236928006572,2.875384575469055,1867.10879602775,-7.978460647567033,3.0,True,35382
y17,1,0,0,0,0,0,0,nonmodified,,1,0.0,0.0,0.8327321579160755,0.8327321579160755,1868.1269928006573,1.1478298355468213,1868.135399379565,4.500003982610354,0.9429,True,35393
y17,1,0,0,0,0,0,0,nonmodified,,1,0.0,0.0,0.8327321579160755,0.8327321579160755,1869.1302928006571,0.35919145145144943,1869.1685027526016,20.442636926747543,0.08571,True,35412
y17,1,0,0,0,0,0,0,nonmodified,,1,0.0,0.0,0.8327321579160755,0.8327321579160755,1870.1335928006572,0.09345115549445496,1870.144905940515,6.049375243190904,0.4286,True,35416
z-dot13,2,0,0,0,0,0,0,nonmodified,,1,100.0,0.0,0.8283185996892899,0.4737455850311111,667.4059306887499,3.257,667.3884789939059,-26.14854624679295,12.06,True,2835
z-dot13,2,0,0,0,0,0,0,nonmodified,,1,100.0,0.0,0.8283185996892899,0.4737455850311111,667.9075806887499,2.47515715,667.9037806763431,-5.689428472886919,2.543,True,2852
z-dot13,2,0,0,0,0,0,0,nonmodified,,1,100.0,0.0,0.8283185996892899,0.4737455850311111,668.4092306887499,1.0257786823050026,668.4116823346195,3.6678815269038725,1.8,True,2874
z-dot13,2,0,0,0,0,0,0,nonmodified,,1,100.0,0.0,0.8283185996892899,0.4737455850311111,668.9108806887499,0.30310300858774447,669.291485207137,568.9913699643396,2.2,False,2878
z-dot13,2,0,0,0,0,0,0,nonmodified,,1,100.0,0.0,0.8283185996892899,0.4737455850311111,669.4125306887499,0.07094531186249471,669.3938855414697,-27.85300009410279,1.543,True,2892
b17,1,0,0,0,0,0,0,nonmodified,,1,0.0,0.0,0.7966324270648979,0.8914682090002627,1866.1179960685622,4.698067632850246,1866.0886926971577,-15.70285023037214,4.457,True,35360
b17,1,0,0,0,0,0,0,nonmodified,,1,0.0,0.0,0.7966324270648979,0.8914682090002627,1867.121296068562,5.057,1867.121296068562,0.0,5.057,True,35384
b17,1,0,0,0,0,0,0,nonmodified,,1,0.0,0.0,0.7966324270648979,0.8914682090002627,1868.1245960685621,2.893480448007252,1868.1669994827378,22.69838653420712,2.914,True,35397
b17,1,0,0,0,0,0,0,nonmodified,,1,0.0,0.0,0.7966324270648979,0.8914682090002627,1869.1278960685622,1.1615709718280554,1869.1811027937401,28.466069812465985,1.514,True,35414
b17,1,0,0,0,0,0,0,nonmodified,,1,0.0,0.0,0.7966324270648979,0.8914682090002627,1870.131196068562,0.3653698397150934,1870.144905940515,7.330967999299022,0.4286,True,35416
b17,1,0,0,0,0,0,0,nonmodified,,1,0.0,0.0,0.7966324270648979,0.8914682090002627,1871.1344960685622,0.09551529629448613,1871.0010087356527,-71.34031957078633,1.543,False,35423
z-dot16,2,0,0,0,0,0,0,nonmodified,,1,0.0,100.0,0.7811071780051199,0.32334268822639556,867.5116323871623,9.257,867.5116323871623,0.0,9.257,True,5542
z-dot16,2,0,0,0,0,0,0,nonmodified,,1,0.0,100.0,0.7811071780051199,0.32334268822639556,868.0132823871623,9.191275299999994,868.0644341920358,58.92974901583231,0.08571,False,5561
z-dot16,2,0,0,0,0,0,0,nonmodified,,1,0.0,100.0,0.7811071780051199,0.32334268822639556,868.5149323871623,4.886998809045007,868.5268357017563,13.705365504019445,2.629,True,5570
z-dot16,2,0,0,0,0,0,0,nonmodified,,1,0.0,100.0,0.7811071780051199,0.32334268822639556,869.0165823871623,1.832077659829443,869.0411373809286,28.25607044095223,0.9429,True,5595
z-dot16,2,0,0,0,0,0,0,nonmodified,,1,0.0,100.0,0.7811071780051199,0.32334268822639556,869.5182323871624,0.5400528016951166,869.5469390323486,33.014425824591214,2.486,False,5601
z-dot16,2,0,0,0,0,0,0,nonmodified,,1,0.0,100.0,0.7811071780051199,0.32334268822639556,870.0198823871623,0.13265477553671567,869.8799401195826,-160.84950518113789,1.971,False,5615
b20,1,0,0,0,0,0,0,nonmodified,,1,0.0,0.0,0.7472679340289371,0.7472679340289371,2164.2854695721935,2.6049748060465507,2164.3200664094206,15.985339140111623,1.943,True,38033
b20,1,0,0,0,0,0,0,nonmodified,,1,0.0,0.0,0.7472679340289371,0.7472679340289371,2165.2887695721934,3.257,2165.2887695721934,0.0,3.257,True,38039
b20,1,0,0,0,0,0,0,nonmodified,,1,0.0,0.0,0.7472679340289371,0.7472679340289371,2166.292069572193,2.1447252718767515,2166.305672892338,6.279541127353803,1.657,True,38045
b20,1,0,0,0,0,0,0,nonmodified,,1,0.0,0.0,0.7472679340289371,0.7472679340289371,2167.2953695721935,0.9844494406989773,2167.309076168405,6.324286206734462,1.029,True,38051
b20,1,0,0,0,0,0,0,nonmodified,,1,0.0,0.0,0.7472679340289371,0.7472679340289371,2168.2986695721934,0.35236306244085286,2168.353479578336,25.277885796807634,0.1714,True,38059
b20,1,0,0,0,0,0,0,nonmodified,,1,0.0,0.0,0.7472679340289371,0.7472679340289371,2169.3019695721932,0.10443780522163126,2169.0705819196437,-106.66456574285077,0.2571,False,38066
