re,ion_label,ion_type,pos,charge,avg_ppm_error,ion_score,gof_confidence,peaks_matched
RE0,c3 1+,c,3,1,3.42,6.494,99.97,3
RE0,c36 2+,c,36,2,-2.4,2.485,54.39,8
RE3,c14 2+,c,14,2,-3.96,2.297,96,2
RE3,c15 2+,c,15,2,-8.11,1.788,59.09,2
RE3,c21 2+,c,21,2,5.06,2.203,96.69,3
RE3,c36 2+,c,36,2,-2.4,1.739,54.39,8
RE8,c34 3+,c,34,3,-1.7,1.978,59.2,4
RE8,c35 2+,c,35,2,-2.85,3.546,92.06,6
RE8,c36 2+,c,36,2,-2.41,6.259,96.83,8
RE8,c36 3+,c,36,3,-2.47,4.526,51.74,6
RE12,c34 2+,c,34,2,0.82,9.007,84.49,6
RE15,b35 3+,b,35,3,0.71,1.803,46.22,5
RE15,c13 2+,c,13,2,-2.42,3.446,87.98,3
RE15,c18 2+,c,18,2,2.99,3.894,95.8,4
RE15,c21 2+,c,21,2,-3.31,3.51,49.99,2
RE18,b15 1+,b,15,1,-4.7,2.716,91.18,6
RE18,c3 1+,c,3,1,-4.43,4.755,99.37,4
RE18,c21 2+,c,21,2,-7.84,2.393,29.37,7
RE18,c30 2+,c,30,2,0.19,1.577,75.31,3
RE18,c36 2+,c,36,2,-1.03,10.509,96.98,7
RE22,c14 1+,c,14,1,-8.2,3.996,74.43,3
RE22,c33 2+,c,33,2,-3.31,3.065,71.28,6
RE22,c35 2+,c,35,2,-0.24,3.648,75.88,6
RE22,c36 3+,c,36,3,0.02,10.472,83.72,4
RE25,c8 1+,c,8,1,5.86,4.732,99.85,3
RE25,c35 2+,c,35,2,0.53,3.657,67.34,6
RE25,c36 3+,c,36,3,1.28,6.707,85.67,7
RE30,c15 2+,c,15,2,4.02,2.625,99.28,4
RE30,c17 2+,c,17,2,-2.66,2.243,53.39,3
RE30,c23 1+,c,23,1,-2.49,9.735,94.78,5
RE30,c33 3+,c,33,3,-6.31,3.492,67.55,3
RE30,c34 2+,c,34,2,0.68,1.891,82.55,4
RE35,c16 2+,c,16,2,-2.63,6.208,78.02,2
RE35,c23 2+,c,23,2,-1.4,1.502,65.62,4
RE35,c33 2+,c,33,2,-1.81,5.146,76.96,5
RE35,c36 2+,c,36,2,-0.95,6.339,96.53,8
RE40,c8 1+,c,8,1,4.45,6.891,96.36,2
RE40,c35 2+,c,35,2,1.78,4.718,66.79,7
RE45,b24 1+,b,24,1,0.64,5.356,79.64,4
RE45,b36-H2O 3+,b,36,3,1.53,5.003,86.63,5
RE45,c3 1+,c,3,1,14.17,5.288,73.44,1
RE45,c5 1+,c,5,1,5.19,7.009,98.28,1
RE45,c7 1+,c,7,1,7.02,5.253,99.8,3
RE45,c8 1+,c,8,1,-3.08,5.294,99.03,1
RE45,c9 1+,c,9,1,-1.79,12.313,99.44,2
RE45,c35 2+,c,35,2,-1.34,4.943,45.79,5
RE50,b35 2+,b,35,2,2.56,9.438,79.49,4
RE50,b36 2+,b,36,2,0.28,6.008,63.57,5
RE50,c3 1+,c,3,1,2.77,14.81,99.76,3
RE50,c8 1+,c,8,1,4.38,4.578,98.79,2
RE50,c21 1+,c,21,1,-3.33,3.173,71.63,3
RE50,c32 2+,c,32,2,0.11,7.346,89.04,3
RE50,c34 2+,c,34,2,1.35,11.296,88.21,5
RE55,b12 1+,b,12,1,-12.17,8.156,82.55,4
RE55,b21 1+,b,21,1,-2.58,3.258,76.76,3
RE55,b35 2+,b,35,2,-2.01,6.967,77.35,4
RE55,c11 1+,c,11,1,4.16,6.066,98.63,3
RE55,c32 2+,c,32,2,2.79,9.871,78.91,6
RE55,c33 2+,c,33,2,0.43,9.516,88.81,4
RE65,b11 1+,b,11,1,-3.34,2.797,99.63,4
RE65,b35 2+,b,35,2,2.86,4.707,89.83,6
RE65,b36 2+,b,36,2,-2.94,4.545,82.06,6
RE65,b36 3+,b,36,3,-2.38,4.989,56.27,6
RE65,c8 1+,c,8,1,8.11,1.842,98.68,2
RE65,c32 2+,c,32,2,0.76,3.498,53.94,5
RE65,c33 2+,c,33,2,0.22,10.8,94.94,7
RE65,c34 3+,c,34,3,0.72,4.415,72.77,5
